<keymap version="1" name="IntelliJ IDEA Classic copy" parent="$default">
  <action id="$Copy">
    <keyboard-shortcut first-keystroke="ctrl insert" />
  </action>
  <action id="EditorCopy">
    <keyboard-shortcut first-keystroke="ctrl insert" />
  </action>
  <action id="QuickDocCopy">
    <keyboard-shortcut first-keystroke="ctrl insert" />
  </action>
  <action id="Tool_External Tools_emacsclient">
    <keyboard-shortcut first-keystroke="ctrl c" second-keystroke="ctrl e" />
  </action>
  <action id="XDebugger.CopyValue">
    <keyboard-shortcut first-keystroke="ctrl insert" />
  </action>
</keymap>